[
    {
        "catagory": "班级工作",
        "subcatagory": [
            {
                "name": "担任班长",
                "value": "22.5"
            },
            {
                "name": "担任党支部书记",
                "value": "22.5"
            },
            {
                "name": "担任其他班委",
                "value": "7.5"
            }
        ]
    },
    {
        "catagory": "院级社团",
        "subcatagory": [
            {
                "name": "院研会主席团",
                "value": "25"
            },
            {
                "name": "院研会部长",
                "value": "15"
            },
            {
                "name": "院研会干事",
                "value": "5"
            },
            {
                "name": "院研会优秀干事",
                "value": "10"
            },
            {
                "name": "辅导员助理",
                "value": "15"
            },
            {
                "name": "助教助管",
                "value": "5"
            }
        ]
    },
    {
        "catagory": "校级社团",
        "subcatagory": [
            {
                "name": "校研会主席团",
                "value": "30"
            },
            {
                "name": "校研会部长",
                "value": "20"
            },
            {
                "name": "校研会副部长",
                "value": "12.5"
            },
            {
                "name": "校研会干事",
                "value": "5"
            },
            {
                "name": "校研会优秀干事/个人",
                "value": "10"
            },
            {
                "name": "校社团社长",
                "value": "12.5"
            },
            {
                "name": "校社团部长",
                "value": "7"
            },
            {
                "name": "校社团副部长",
                "value": "4"
            },
            {
                "name": "校团委副部长",
                "value": "20"
            },
            {
                "name": "校团委组长",
                "value": "7"
            }
        ]
    },
    {
        "catagory": "个人荣誉",
        "subcatagory": [
            {
                "name": "国际三等奖以上荣誉",
                "value": "20"
            },
            {
                "name": "国家三等奖以上荣誉",
                "value": "15"
            },
            {
                "name": "省级三等奖以上荣誉",
                "value": "10"
            },
            {
                "name": "市级三等奖以上荣誉",
                "value": "7"
            },
            {
                "name": "校级三等奖以上荣誉",
                "value": "5"
            },
            {
                "name": "校轻运会/趣味运动会前三名",
                "value": "5"
            },
            {
                "name": "校轻运会/趣味运动会4-8名",
                "value": "3"
            },
            {
                "name": "校运会第一名破纪录",
                "value": "18"
            },
            {
                "name": "校运会第一名",
                "value": "15"
            },
            {
                "name": "校运会第二名",
                "value": "12"
            },
            {
                "name": "校运会第三名",
                "value": "8"
            },
            {
                "name": "校运会第4-8名",
                "value": "5"
            },
            {
                "name": "社会实践个人国家级荣誉",
                "value": "10"
            },
            {
                "name": "社会实践个人省市级荣誉",
                "value": "7.5"
            },
            {
                "name": "社会实践个人校级级荣誉",
                "value": "4.5"
            },
            {
                "name": "入选校队担任队长",
                "value": "15"
            },
            {
                "name": "入选校队",
                "value": "6"
            }
        ]
    },
    {
        "catagory": "集体荣誉",
        "subcatagory": [
            {
                "name": "班级获国家荣誉(个人)",
                "value": "15"
            },
            {
                "name": "班级获国家荣誉(班长/党支书)",
                "value": "30"
            },
            {
                "name": "班级获国家荣誉(其他班委支委)",
                "value": "22"
            },
            {
                "name": "班级获省市荣誉(个人)",
                "value": "10"
            },
            {
                "name": "班级获省市荣誉(班长/党支书)",
                "value": "20"
            },
            {
                "name": "班级获省市荣誉(其他班委支委)",
                "value": "15"
            },
            {
                "name": "班级获校优秀班级(个人)",
                "value": "8"
            },
            {
                "name": "班级获校优秀班级(班长/党支书)",
                "value": "15"
            },
            {
                "name": "班级获校优秀班级(其他班委支委)",
                "value": "12"
            },
            {
                "name": "班级获其他校级荣誉(个人)",
                "value": "3"
            },
            {
                "name": "班级获其他校级荣誉(班长/党支书)",
                "value": "7.5"
            },
            {
                "name": "班级获其他校级荣誉(其他班委支委)",
                "value": "4.5"
            },
            {
                "name": "党支部或校研究生十佳(个人)",
                "value": "9"
            },
            {
                "name": "党支部或校研究生十佳(班长/党支书)",
                "value": "18"
            },
            {
                "name": "党支部或校研究生十佳(其他班委支委)",
                "value": "12"
            },
            {
                "name": "党支部或校级荣誉(个人)",
                "value": "4.5"
            },
            {
                "name": "党支部或校级荣誉(班长/党支书)",
                "value": "6"
            },
            {
                "name": "党支部或校级荣誉(其他班委支委)",
                "value": "5"
            },
            {
                "name": "最佳党日活动一等奖(个人)",
                "value": "6"
            },
            {
                "name": "最佳党日活动一等奖(班长/党支书)",
                "value": "12"
            },
            {
                "name": "最佳党日活动一等奖(其他班委支委)",
                "value": "9"
            },
            {
                "name": "最佳党日活动二等奖(个人)",
                "value": "4"
            },
            {
                "name": "最佳党日活动二等奖(班长/党支书)",
                "value": "8"
            },
            {
                "name": "最佳党日活动二等奖(其他班委支委)",
                "value": "6"
            },
            {
                "name": "最佳党日活动三等奖(个人)",
                "value": "3"
            },
            {
                "name": "最佳党日活动三等奖(班长/党支书)",
                "value": "6"
            },
            {
                "name": "最佳党日活动三等奖(其他班委支委)",
                "value": "4.5"
            },
            {
                "name": "院系杯第一名(个人)",
                "value": "7.5"
            },
            {
                "name": "院系杯第一名(队长)",
                "value": "15"
            },
            {
                "name": "院系杯第二名(个人)",
                "value": "4.5"
            },
            {
                "name": "院系杯第二名(队长)",
                "value": "10"
            },
            {
                "name": "院系杯第三名(个人)",
                "value": "3"
            },
            {
                "name": "院系杯第三名(队长)",
                "value": "7"
            }
        ]
    },
    {
        "catagory": "集体活动",
        "subcatagory": [
            {
                "name": "机械杯第一名(个人)",
                "value": "6"
            },
            {
                "name": "机械杯团体赛第一名(队长)",
                "value": "9"
            },
            {
                "name": "机械杯第二名(个人)",
                "value": "3"
            },
            {
                "name": "机械杯团体赛第二名(队长)",
                "value": "4.5"
            },
            {
                "name": "机械杯第三名(个人)",
                "value": "1.5"
            },
            {
                "name": "机械杯团体赛第三名(队长)",
                "value": "3"
            },
            {
                "name": "师生节比赛第一名(个人)",
                "value": "3"
            },
            {
                "name": "师生节比赛第一名(队长)",
                "value": "4"
            },
            {
                "name": "师生节比赛第二名(个人)",
                "value": "2"
            },
            {
                "name": "师生节比赛第二名(队长)",
                "value": "3"
            },
            {
                "name": "师生节比赛第三名(个人)",
                "value": "1"
            },
            {
                "name": "师生节比赛第三名(队长)",
                "value": "2"
            },
            {
                "name": "院运动会前三名",
                "value": "3"
            },
            {
                "name": "院魅力人物",
                "value": "10"
            },
            {
                "name": "志愿者(校大型活动(每天2分))",
                "value": "2"
            }
        ]
    },
    {
        "catagory": "其他",
        "subcatagory": [
            {
                "name": "学院指定活动(1分)",
                "value": "1"
            },
            {
                "name": "学院指定活动(2分)",
                "value": "2"
            },
            {
                "name": "学院指定活动(3分)",
                "value": "3"
            },
            {
                "name": "学院指定活动(4分)",
                "value": "4"
            }
        ]
    }
]
